738;07/01/1998 00:00;Wednesday;January;1998;7;4;1;Q1
739;08/01/1998 00:00;Thursday;January;1998;8;4;1;Q1
740;09/01/1998 00:00;Friday;January;1998;9;4;1;Q1
741;10/01/1998 00:00;Saturday;January;1998;10;4;1;Q1
742;11/01/1998 00:00;Sunday;January;1998;11;5;1;Q1
743;12/01/1998 00:00;Monday;January;1998;12;5;1;Q1
744;13/01/1998 00:00;Tuesday;January;1998;13;5;1;Q1
745;14/01/1998 00:00;Wednesday;January;1998;14;5;1;Q1
746;15/01/1998 00:00;Thursday;January;1998;15;5;1;Q1
747;16/01/1998 00:00;Friday;January;1998;16;5;1;Q1
748;17/01/1998 00:00;Saturday;January;1998;17;5;1;Q1
749;18/01/1998 00:00;Sunday;January;1998;18;6;1;Q1
750;19/01/1998 00:00;Monday;January;1998;19;6;1;Q1
751;20/01/1998 00:00;Tuesday;January;1998;20;6;1;Q1
752;21/01/1998 00:00;Wednesday;January;1998;21;6;1;Q1
753;22/01/1998 00:00;Thursday;January;1998;22;6;1;Q1
754;23/01/1998 00:00;Friday;January;1998;23;6;1;Q1
755;24/01/1998 00:00;Saturday;January;1998;24;6;1;Q1
756;25/01/1998 00:00;Sunday;January;1998;25;7;1;Q1
757;26/01/1998 00:00;Monday;January;1998;26;7;1;Q1
758;27/01/1998 00:00;Tuesday;January;1998;27;7;1;Q1
759;28/01/1998 00:00;Wednesday;January;1998;28;7;1;Q1
760;29/01/1998 00:00;Thursday;January;1998;29;7;1;Q1
761;30/01/1998 00:00;Friday;January;1998;30;7;1;Q1
762;31/01/1998 00:00;Saturday;January;1998;31;7;1;Q1
763;01/02/1998 00:00;Sunday;February;1998;1;8;2;Q1
764;02/02/1998 00:00;Monday;February;1998;2;8;2;Q1
765;03/02/1998 00:00;Tuesday;February;1998;3;8;2;Q1
766;04/02/1998 00:00;Wednesday;February;1998;4;8;2;Q1
767;05/02/1998 00:00;Thursday;February;1998;5;8;2;Q1
768;06/02/1998 00:00;Friday;February;1998;6;8;2;Q1
769;07/02/1998 00:00;Saturday;February;1998;7;8;2;Q1
770;08/02/1998 00:00;Sunday;February;1998;8;9;2;Q1
771;09/02/1998 00:00;Monday;February;1998;9;9;2;Q1
772;10/02/1998 00:00;Tuesday;February;1998;10;9;2;Q1
773;11/02/1998 00:00;Wednesday;February;1998;11;9;2;Q1
774;12/02/1998 00:00;Thursday;February;1998;12;9;2;Q1
775;13/02/1998 00:00;Friday;February;1998;13;9;2;Q1
776;14/02/1998 00:00;Saturday;February;1998;14;9;2;Q1
777;15/02/1998 00:00;Sunday;February;1998;15;10;2;Q1
778;16/02/1998 00:00;Monday;February;1998;16;10;2;Q1
779;17/02/1998 00:00;Tuesday;February;1998;17;10;2;Q1
780;18/02/1998 00:00;Wednesday;February;1998;18;10;2;Q1
781;19/02/1998 00:00;Thursday;February;1998;19;10;2;Q1
782;20/02/1998 00:00;Friday;February;1998;20;10;2;Q1
783;21/02/1998 00:00;Saturday;February;1998;21;10;2;Q1
784;22/02/1998 00:00;Sunday;February;1998;22;11;2;Q1
785;23/02/1998 00:00;Monday;February;1998;23;11;2;Q1
786;24/02/1998 00:00;Tuesday;February;1998;24;11;2;Q1
787;25/02/1998 00:00;Wednesday;February;1998;25;11;2;Q1
788;26/02/1998 00:00;Thursday;February;1998;26;11;2;Q1
789;27/02/1998 00:00;Friday;February;1998;27;11;2;Q1
790;28/02/1998 00:00;Saturday;February;1998;28;11;2;Q1
791;01/03/1998 00:00;Sunday;March;1998;1;12;3;Q1
792;02/03/1998 00:00;Monday;March;1998;2;12;3;Q1
793;03/03/1998 00:00;Tuesday;March;1998;3;12;3;Q1
794;04/03/1998 00:00;Wednesday;March;1998;4;12;3;Q1
795;05/03/1998 00:00;Thursday;March;1998;5;12;3;Q1
796;06/03/1998 00:00;Friday;March;1998;6;12;3;Q1
797;07/03/1998 00:00;Saturday;March;1998;7;12;3;Q1
798;08/03/1998 00:00;Sunday;March;1998;8;13;3;Q1
799;09/03/1998 00:00;Monday;March;1998;9;13;3;Q1
800;10/03/1998 00:00;Tuesday;March;1998;10;13;3;Q1
801;11/03/1998 00:00;Wednesday;March;1998;11;13;3;Q1
802;12/03/1998 00:00;Thursday;March;1998;12;13;3;Q1
803;13/03/1998 00:00;Friday;March;1998;13;13;3;Q1
804;14/03/1998 00:00;Saturday;March;1998;14;13;3;Q1
805;15/03/1998 00:00;Sunday;March;1998;15;14;3;Q1
806;16/03/1998 00:00;Monday;March;1998;16;14;3;Q1
807;17/03/1998 00:00;Tuesday;March;1998;17;14;3;Q1
808;18/03/1998 00:00;Wednesday;March;1998;18;14;3;Q1
809;19/03/1998 00:00;Thursday;March;1998;19;14;3;Q1
810;20/03/1998 00:00;Friday;March;1998;20;14;3;Q1
811;21/03/1998 00:00;Saturday;March;1998;21;14;3;Q1
812;22/03/1998 00:00;Sunday;March;1998;22;15;3;Q1
813;23/03/1998 00:00;Monday;March;1998;23;15;3;Q1
814;24/03/1998 00:00;Tuesday;March;1998;24;15;3;Q1
815;25/03/1998 00:00;Wednesday;March;1998;25;15;3;Q1
816;26/03/1998 00:00;Thursday;March;1998;26;15;3;Q1
817;27/03/1998 00:00;Friday;March;1998;27;15;3;Q1
818;28/03/1998 00:00;Saturday;March;1998;28;15;3;Q1
819;29/03/1998 00:00;Sunday;March;1998;29;16;3;Q1
820;30/03/1998 00:00;Monday;March;1998;30;16;3;Q1
821;31/03/1998 00:00;Tuesday;March;1998;31;16;3;Q1
822;01/04/1998 00:00;Wednesday;April;1998;1;16;4;Q2
823;02/04/1998 00:00;Thursday;April;1998;2;16;4;Q2
824;03/04/1998 00:00;Friday;April;1998;3;16;4;Q2
825;04/04/1998 00:00;Saturday;April;1998;4;16;4;Q2
826;05/04/1998 00:00;Sunday;April;1998;5;17;4;Q2
827;06/04/1998 00:00;Monday;April;1998;6;17;4;Q2
828;07/04/1998 00:00;Tuesday;April;1998;7;17;4;Q2
829;08/04/1998 00:00;Wednesday;April;1998;8;17;4;Q2
830;09/04/1998 00:00;Thursday;April;1998;9;17;4;Q2
831;10/04/1998 00:00;Friday;April;1998;10;17;4;Q2
832;11/04/1998 00:00;Saturday;April;1998;11;17;4;Q2
833;12/04/1998 00:00;Sunday;April;1998;12;18;4;Q2
834;13/04/1998 00:00;Monday;April;1998;13;18;4;Q2
835;14/04/1998 00:00;Tuesday;April;1998;14;18;4;Q2
836;15/04/1998 00:00;Wednesday;April;1998;15;18;4;Q2
837;16/04/1998 00:00;Thursday;April;1998;16;18;4;Q2
838;17/04/1998 00:00;Friday;April;1998;17;18;4;Q2
839;18/04/1998 00:00;Saturday;April;1998;18;18;4;Q2
840;19/04/1998 00:00;Sunday;April;1998;19;19;4;Q2
841;20/04/1998 00:00;Monday;April;1998;20;19;4;Q2
842;21/04/1998 00:00;Tuesday;April;1998;21;19;4;Q2
843;22/04/1998 00:00;Wednesday;April;1998;22;19;4;Q2
844;23/04/1998 00:00;Thursday;April;1998;23;19;4;Q2
845;24/04/1998 00:00;Friday;April;1998;24;19;4;Q2
846;25/04/1998 00:00;Saturday;April;1998;25;19;4;Q2
847;26/04/1998 00:00;Sunday;April;1998;26;20;4;Q2
848;27/04/1998 00:00;Monday;April;1998;27;20;4;Q2
849;28/04/1998 00:00;Tuesday;April;1998;28;20;4;Q2
850;29/04/1998 00:00;Wednesday;April;1998;29;20;4;Q2
851;30/04/1998 00:00;Thursday;April;1998;30;20;4;Q2
852;01/05/1998 00:00;Friday;May;1998;1;20;5;Q2
853;02/05/1998 00:00;Saturday;May;1998;2;20;5;Q2
854;03/05/1998 00:00;Sunday;May;1998;3;21;5;Q2
855;04/05/1998 00:00;Monday;May;1998;4;21;5;Q2
856;05/05/1998 00:00;Tuesday;May;1998;5;21;5;Q2
857;06/05/1998 00:00;Wednesday;May;1998;6;21;5;Q2
858;07/05/1998 00:00;Thursday;May;1998;7;21;5;Q2
859;08/05/1998 00:00;Friday;May;1998;8;21;5;Q2
860;09/05/1998 00:00;Saturday;May;1998;9;21;5;Q2
861;10/05/1998 00:00;Sunday;May;1998;10;22;5;Q2
862;11/05/1998 00:00;Monday;May;1998;11;22;5;Q2
863;12/05/1998 00:00;Tuesday;May;1998;12;22;5;Q2
864;13/05/1998 00:00;Wednesday;May;1998;13;22;5;Q2
865;14/05/1998 00:00;Thursday;May;1998;14;22;5;Q2
866;15/05/1998 00:00;Friday;May;1998;15;22;5;Q2
867;16/05/1998 00:00;Saturday;May;1998;16;22;5;Q2
868;17/05/1998 00:00;Sunday;May;1998;17;23;5;Q2
869;18/05/1998 00:00;Monday;May;1998;18;23;5;Q2
870;19/05/1998 00:00;Tuesday;May;1998;19;23;5;Q2
871;20/05/1998 00:00;Wednesday;May;1998;20;23;5;Q2
872;21/05/1998 00:00;Thursday;May;1998;21;23;5;Q2
873;22/05/1998 00:00;Friday;May;1998;22;23;5;Q2
874;23/05/1998 00:00;Saturday;May;1998;23;23;5;Q2
875;24/05/1998 00:00;Sunday;May;1998;24;24;5;Q2
876;25/05/1998 00:00;Monday;May;1998;25;24;5;Q2
877;26/05/1998 00:00;Tuesday;May;1998;26;24;5;Q2
878;27/05/1998 00:00;Wednesday;May;1998;27;24;5;Q2
879;28/05/1998 00:00;Thursday;May;1998;28;24;5;Q2
880;29/05/1998 00:00;Friday;May;1998;29;24;5;Q2
881;30/05/1998 00:00;Saturday;May;1998;30;24;5;Q2
882;31/05/1998 00:00;Sunday;May;1998;31;25;5;Q2
883;01/06/1998 00:00;Monday;June;1998;1;25;6;Q2
884;02/06/1998 00:00;Tuesday;June;1998;2;25;6;Q2
885;03/06/1998 00:00;Wednesday;June;1998;3;25;6;Q2
886;04/06/1998 00:00;Thursday;June;1998;4;25;6;Q2
887;05/06/1998 00:00;Friday;June;1998;5;25;6;Q2
888;06/06/1998 00:00;Saturday;June;1998;6;25;6;Q2
889;07/06/1998 00:00;Sunday;June;1998;7;26;6;Q2
890;08/06/1998 00:00;Monday;June;1998;8;26;6;Q2
891;09/06/1998 00:00;Tuesday;June;1998;9;26;6;Q2
892;10/06/1998 00:00;Wednesday;June;1998;10;26;6;Q2
893;11/06/1998 00:00;Thursday;June;1998;11;26;6;Q2
894;12/06/1998 00:00;Friday;June;1998;12;26;6;Q2
895;13/06/1998 00:00;Saturday;June;1998;13;26;6;Q2
896;14/06/1998 00:00;Sunday;June;1998;14;27;6;Q2
897;15/06/1998 00:00;Monday;June;1998;15;27;6;Q2
898;16/06/1998 00:00;Tuesday;June;1998;16;27;6;Q2
899;17/06/1998 00:00;Wednesday;June;1998;17;27;6;Q2
900;18/06/1998 00:00;Thursday;June;1998;18;27;6;Q2
901;19/06/1998 00:00;Friday;June;1998;19;27;6;Q2
902;20/06/1998 00:00;Saturday;June;1998;20;27;6;Q2
903;21/06/1998 00:00;Sunday;June;1998;21;28;6;Q2
904;22/06/1998 00:00;Monday;June;1998;22;28;6;Q2
905;23/06/1998 00:00;Tuesday;June;1998;23;28;6;Q2
906;24/06/1998 00:00;Wednesday;June;1998;24;28;6;Q2
907;25/06/1998 00:00;Thursday;June;1998;25;28;6;Q2
908;26/06/1998 00:00;Friday;June;1998;26;28;6;Q2
909;27/06/1998 00:00;Saturday;June;1998;27;28;6;Q2
910;28/06/1998 00:00;Sunday;June;1998;28;29;6;Q2
911;29/06/1998 00:00;Monday;June;1998;29;29;6;Q2
912;30/06/1998 00:00;Tuesday;June;1998;30;29;6;Q2
913;01/07/1998 00:00;Wednesday;July;1998;1;29;7;Q3
914;02/07/1998 00:00;Thursday;July;1998;2;29;7;Q3
915;03/07/1998 00:00;Friday;July;1998;3;29;7;Q3
916;04/07/1998 00:00;Saturday;July;1998;4;29;7;Q3
917;05/07/1998 00:00;Sunday;July;1998;5;30;7;Q3
918;06/07/1998 00:00;Monday;July;1998;6;30;7;Q3
919;07/07/1998 00:00;Tuesday;July;1998;7;30;7;Q3
920;08/07/1998 00:00;Wednesday;July;1998;8;30;7;Q3
921;09/07/1998 00:00;Thursday;July;1998;9;30;7;Q3
922;10/07/1998 00:00;Friday;July;1998;10;30;7;Q3
923;11/07/1998 00:00;Saturday;July;1998;11;30;7;Q3
924;12/07/1998 00:00;Sunday;July;1998;12;31;7;Q3
925;13/07/1998 00:00;Monday;July;1998;13;31;7;Q3
926;14/07/1998 00:00;Tuesday;July;1998;14;31;7;Q3
927;15/07/1998 00:00;Wednesday;July;1998;15;31;7;Q3
928;16/07/1998 00:00;Thursday;July;1998;16;31;7;Q3
929;17/07/1998 00:00;Friday;July;1998;17;31;7;Q3
930;18/07/1998 00:00;Saturday;July;1998;18;31;7;Q3
931;19/07/1998 00:00;Sunday;July;1998;19;32;7;Q3
932;20/07/1998 00:00;Monday;July;1998;20;32;7;Q3
933;21/07/1998 00:00;Tuesday;July;1998;21;32;7;Q3
934;22/07/1998 00:00;Wednesday;July;1998;22;32;7;Q3
935;23/07/1998 00:00;Thursday;July;1998;23;32;7;Q3
936;24/07/1998 00:00;Friday;July;1998;24;32;7;Q3
937;25/07/1998 00:00;Saturday;July;1998;25;32;7;Q3
938;26/07/1998 00:00;Sunday;July;1998;26;33;7;Q3
939;27/07/1998 00:00;Monday;July;1998;27;33;7;Q3
940;28/07/1998 00:00;Tuesday;July;1998;28;33;7;Q3
941;29/07/1998 00:00;Wednesday;July;1998;29;33;7;Q3
942;30/07/1998 00:00;Thursday;July;1998;30;33;7;Q3
943;31/07/1998 00:00;Friday;July;1998;31;33;7;Q3
944;01/08/1998 00:00;Saturday;August;1998;1;33;8;Q3
945;02/08/1998 00:00;Sunday;August;1998;2;34;8;Q3
946;03/08/1998 00:00;Monday;August;1998;3;34;8;Q3
947;04/08/1998 00:00;Tuesday;August;1998;4;34;8;Q3
948;05/08/1998 00:00;Wednesday;August;1998;5;34;8;Q3
949;06/08/1998 00:00;Thursday;August;1998;6;34;8;Q3
950;07/08/1998 00:00;Friday;August;1998;7;34;8;Q3
951;08/08/1998 00:00;Saturday;August;1998;8;34;8;Q3
952;09/08/1998 00:00;Sunday;August;1998;9;35;8;Q3
953;10/08/1998 00:00;Monday;August;1998;10;35;8;Q3
954;11/08/1998 00:00;Tuesday;August;1998;11;35;8;Q3
955;12/08/1998 00:00;Wednesday;August;1998;12;35;8;Q3
956;13/08/1998 00:00;Thursday;August;1998;13;35;8;Q3
957;14/08/1998 00:00;Friday;August;1998;14;35;8;Q3
958;15/08/1998 00:00;Saturday;August;1998;15;35;8;Q3
959;16/08/1998 00:00;Sunday;August;1998;16;36;8;Q3
960;17/08/1998 00:00;Monday;August;1998;17;36;8;Q3
961;18/08/1998 00:00;Tuesday;August;1998;18;36;8;Q3
962;19/08/1998 00:00;Wednesday;August;1998;19;36;8;Q3
963;20/08/1998 00:00;Thursday;August;1998;20;36;8;Q3
964;21/08/1998 00:00;Friday;August;1998;21;36;8;Q3
965;22/08/1998 00:00;Saturday;August;1998;22;36;8;Q3
966;23/08/1998 00:00;Sunday;August;1998;23;37;8;Q3
967;24/08/1998 00:00;Monday;August;1998;24;37;8;Q3
968;25/08/1998 00:00;Tuesday;August;1998;25;37;8;Q3
969;26/08/1998 00:00;Wednesday;August;1998;26;37;8;Q3
970;27/08/1998 00:00;Thursday;August;1998;27;37;8;Q3
971;28/08/1998 00:00;Friday;August;1998;28;37;8;Q3
972;29/08/1998 00:00;Saturday;August;1998;29;37;8;Q3
973;30/08/1998 00:00;Sunday;August;1998;30;38;8;Q3
974;31/08/1998 00:00;Monday;August;1998;31;38;8;Q3
975;01/09/1998 00:00;Tuesday;September;1998;1;38;9;Q3
976;02/09/1998 00:00;Wednesday;September;1998;2;38;9;Q3
977;03/09/1998 00:00;Thursday;September;1998;3;38;9;Q3
978;04/09/1998 00:00;Friday;September;1998;4;38;9;Q3
979;05/09/1998 00:00;Saturday;September;1998;5;38;9;Q3
980;06/09/1998 00:00;Sunday;September;1998;6;39;9;Q3
981;07/09/1998 00:00;Monday;September;1998;7;39;9;Q3
982;08/09/1998 00:00;Tuesday;September;1998;8;39;9;Q3
983;09/09/1998 00:00;Wednesday;September;1998;9;39;9;Q3
984;10/09/1998 00:00;Thursday;September;1998;10;39;9;Q3
985;11/09/1998 00:00;Friday;September;1998;11;39;9;Q3
986;12/09/1998 00:00;Saturday;September;1998;12;39;9;Q3
987;13/09/1998 00:00;Sunday;September;1998;13;40;9;Q3
988;14/09/1998 00:00;Monday;September;1998;14;40;9;Q3
367;01/01/1997 00:00;Wednesday;January;1997;1;2;1;Q1
368;02/01/1997 00:00;Thursday;January;1997;2;2;1;Q1
369;03/01/1997 00:00;Friday;January;1997;3;2;1;Q1
370;04/01/1997 00:00;Saturday;January;1997;4;2;1;Q1
371;05/01/1997 00:00;Sunday;January;1997;5;3;1;Q1
372;06/01/1997 00:00;Monday;January;1997;6;3;1;Q1
373;07/01/1997 00:00;Tuesday;January;1997;7;3;1;Q1
374;08/01/1997 00:00;Wednesday;January;1997;8;3;1;Q1
375;09/01/1997 00:00;Thursday;January;1997;9;3;1;Q1
376;10/01/1997 00:00;Friday;January;1997;10;3;1;Q1
377;11/01/1997 00:00;Saturday;January;1997;11;3;1;Q1
378;12/01/1997 00:00;Sunday;January;1997;12;4;1;Q1
379;13/01/1997 00:00;Monday;January;1997;13;4;1;Q1
380;14/01/1997 00:00;Tuesday;January;1997;14;4;1;Q1
381;15/01/1997 00:00;Wednesday;January;1997;15;4;1;Q1
382;16/01/1997 00:00;Thursday;January;1997;16;4;1;Q1
383;17/01/1997 00:00;Friday;January;1997;17;4;1;Q1
384;18/01/1997 00:00;Saturday;January;1997;18;4;1;Q1
385;19/01/1997 00:00;Sunday;January;1997;19;5;1;Q1
386;20/01/1997 00:00;Monday;January;1997;20;5;1;Q1
387;21/01/1997 00:00;Tuesday;January;1997;21;5;1;Q1
388;22/01/1997 00:00;Wednesday;January;1997;22;5;1;Q1
389;23/01/1997 00:00;Thursday;January;1997;23;5;1;Q1
390;24/01/1997 00:00;Friday;January;1997;24;5;1;Q1
391;25/01/1997 00:00;Saturday;January;1997;25;5;1;Q1
392;26/01/1997 00:00;Sunday;January;1997;26;6;1;Q1
393;27/01/1997 00:00;Monday;January;1997;27;6;1;Q1
394;28/01/1997 00:00;Tuesday;January;1997;28;6;1;Q1
395;29/01/1997 00:00;Wednesday;January;1997;29;6;1;Q1
396;30/01/1997 00:00;Thursday;January;1997;30;6;1;Q1
397;31/01/1997 00:00;Friday;January;1997;31;6;1;Q1
398;01/02/1997 00:00;Saturday;February;1997;1;6;2;Q1
399;02/02/1997 00:00;Sunday;February;1997;2;7;2;Q1
400;03/02/1997 00:00;Monday;February;1997;3;7;2;Q1
401;04/02/1997 00:00;Tuesday;February;1997;4;7;2;Q1
402;05/02/1997 00:00;Wednesday;February;1997;5;7;2;Q1
403;06/02/1997 00:00;Thursday;February;1997;6;7;2;Q1
404;07/02/1997 00:00;Friday;February;1997;7;7;2;Q1
405;08/02/1997 00:00;Saturday;February;1997;8;7;2;Q1
406;09/02/1997 00:00;Sunday;February;1997;9;8;2;Q1
407;10/02/1997 00:00;Monday;February;1997;10;8;2;Q1
408;11/02/1997 00:00;Tuesday;February;1997;11;8;2;Q1
409;12/02/1997 00:00;Wednesday;February;1997;12;8;2;Q1
410;13/02/1997 00:00;Thursday;February;1997;13;8;2;Q1
411;14/02/1997 00:00;Friday;February;1997;14;8;2;Q1
412;15/02/1997 00:00;Saturday;February;1997;15;8;2;Q1
413;16/02/1997 00:00;Sunday;February;1997;16;9;2;Q1
414;17/02/1997 00:00;Monday;February;1997;17;9;2;Q1
415;18/02/1997 00:00;Tuesday;February;1997;18;9;2;Q1
416;19/02/1997 00:00;Wednesday;February;1997;19;9;2;Q1
417;20/02/1997 00:00;Thursday;February;1997;20;9;2;Q1
418;21/02/1997 00:00;Friday;February;1997;21;9;2;Q1
419;22/02/1997 00:00;Saturday;February;1997;22;9;2;Q1
420;23/02/1997 00:00;Sunday;February;1997;23;10;2;Q1
421;24/02/1997 00:00;Monday;February;1997;24;10;2;Q1
422;25/02/1997 00:00;Tuesday;February;1997;25;10;2;Q1
423;26/02/1997 00:00;Wednesday;February;1997;26;10;2;Q1
424;27/02/1997 00:00;Thursday;February;1997;27;10;2;Q1
425;28/02/1997 00:00;Friday;February;1997;28;10;2;Q1
426;01/03/1997 00:00;Saturday;March;1997;1;10;3;Q1
427;02/03/1997 00:00;Sunday;March;1997;2;11;3;Q1
428;03/03/1997 00:00;Monday;March;1997;3;11;3;Q1
429;04/03/1997 00:00;Tuesday;March;1997;4;11;3;Q1
430;05/03/1997 00:00;Wednesday;March;1997;5;11;3;Q1
431;06/03/1997 00:00;Thursday;March;1997;6;11;3;Q1
432;07/03/1997 00:00;Friday;March;1997;7;11;3;Q1
433;08/03/1997 00:00;Saturday;March;1997;8;11;3;Q1
434;09/03/1997 00:00;Sunday;March;1997;9;12;3;Q1
435;10/03/1997 00:00;Monday;March;1997;10;12;3;Q1
436;11/03/1997 00:00;Tuesday;March;1997;11;12;3;Q1
437;12/03/1997 00:00;Wednesday;March;1997;12;12;3;Q1
438;13/03/1997 00:00;Thursday;March;1997;13;12;3;Q1
439;14/03/1997 00:00;Friday;March;1997;14;12;3;Q1
440;15/03/1997 00:00;Saturday;March;1997;15;12;3;Q1
441;16/03/1997 00:00;Sunday;March;1997;16;13;3;Q1
442;17/03/1997 00:00;Monday;March;1997;17;13;3;Q1
443;18/03/1997 00:00;Tuesday;March;1997;18;13;3;Q1
444;19/03/1997 00:00;Wednesday;March;1997;19;13;3;Q1
445;20/03/1997 00:00;Thursday;March;1997;20;13;3;Q1
446;21/03/1997 00:00;Friday;March;1997;21;13;3;Q1
447;22/03/1997 00:00;Saturday;March;1997;22;13;3;Q1
448;23/03/1997 00:00;Sunday;March;1997;23;14;3;Q1
449;24/03/1997 00:00;Monday;March;1997;24;14;3;Q1
450;25/03/1997 00:00;Tuesday;March;1997;25;14;3;Q1
451;26/03/1997 00:00;Wednesday;March;1997;26;14;3;Q1
452;27/03/1997 00:00;Thursday;March;1997;27;14;3;Q1
453;28/03/1997 00:00;Friday;March;1997;28;14;3;Q1
454;29/03/1997 00:00;Saturday;March;1997;29;14;3;Q1
455;30/03/1997 00:00;Sunday;March;1997;30;15;3;Q1
456;31/03/1997 00:00;Monday;March;1997;31;15;3;Q1
457;01/04/1997 00:00;Tuesday;April;1997;1;15;4;Q2
458;02/04/1997 00:00;Wednesday;April;1997;2;15;4;Q2
459;03/04/1997 00:00;Thursday;April;1997;3;15;4;Q2
460;04/04/1997 00:00;Friday;April;1997;4;15;4;Q2
461;05/04/1997 00:00;Saturday;April;1997;5;15;4;Q2
462;06/04/1997 00:00;Sunday;April;1997;6;16;4;Q2
463;07/04/1997 00:00;Monday;April;1997;7;16;4;Q2
464;08/04/1997 00:00;Tuesday;April;1997;8;16;4;Q2
465;09/04/1997 00:00;Wednesday;April;1997;9;16;4;Q2
466;10/04/1997 00:00;Thursday;April;1997;10;16;4;Q2
467;11/04/1997 00:00;Friday;April;1997;11;16;4;Q2
468;12/04/1997 00:00;Saturday;April;1997;12;16;4;Q2
469;13/04/1997 00:00;Sunday;April;1997;13;17;4;Q2
470;14/04/1997 00:00;Monday;April;1997;14;17;4;Q2
471;15/04/1997 00:00;Tuesday;April;1997;15;17;4;Q2
472;16/04/1997 00:00;Wednesday;April;1997;16;17;4;Q2
473;17/04/1997 00:00;Thursday;April;1997;17;17;4;Q2
474;18/04/1997 00:00;Friday;April;1997;18;17;4;Q2
475;19/04/1997 00:00;Saturday;April;1997;19;17;4;Q2
476;20/04/1997 00:00;Sunday;April;1997;20;18;4;Q2
477;21/04/1997 00:00;Monday;April;1997;21;18;4;Q2
478;22/04/1997 00:00;Tuesday;April;1997;22;18;4;Q2
479;23/04/1997 00:00;Wednesday;April;1997;23;18;4;Q2
480;24/04/1997 00:00;Thursday;April;1997;24;18;4;Q2
481;25/04/1997 00:00;Friday;April;1997;25;18;4;Q2
482;26/04/1997 00:00;Saturday;April;1997;26;18;4;Q2
483;27/04/1997 00:00;Sunday;April;1997;27;19;4;Q2
484;28/04/1997 00:00;Monday;April;1997;28;19;4;Q2
485;29/04/1997 00:00;Tuesday;April;1997;29;19;4;Q2
486;30/04/1997 00:00;Wednesday;April;1997;30;19;4;Q2
487;01/05/1997 00:00;Thursday;May;1997;1;19;5;Q2
488;02/05/1997 00:00;Friday;May;1997;2;19;5;Q2
489;03/05/1997 00:00;Saturday;May;1997;3;19;5;Q2
490;04/05/1997 00:00;Sunday;May;1997;4;20;5;Q2
491;05/05/1997 00:00;Monday;May;1997;5;20;5;Q2
492;06/05/1997 00:00;Tuesday;May;1997;6;20;5;Q2
493;07/05/1997 00:00;Wednesday;May;1997;7;20;5;Q2
494;08/05/1997 00:00;Thursday;May;1997;8;20;5;Q2
495;09/05/1997 00:00;Friday;May;1997;9;20;5;Q2
496;10/05/1997 00:00;Saturday;May;1997;10;20;5;Q2
497;11/05/1997 00:00;Sunday;May;1997;11;21;5;Q2
498;12/05/1997 00:00;Monday;May;1997;12;21;5;Q2
499;13/05/1997 00:00;Tuesday;May;1997;13;21;5;Q2
500;14/05/1997 00:00;Wednesday;May;1997;14;21;5;Q2
501;15/05/1997 00:00;Thursday;May;1997;15;21;5;Q2
502;16/05/1997 00:00;Friday;May;1997;16;21;5;Q2
503;17/05/1997 00:00;Saturday;May;1997;17;21;5;Q2
504;18/05/1997 00:00;Sunday;May;1997;18;22;5;Q2
505;19/05/1997 00:00;Monday;May;1997;19;22;5;Q2
506;20/05/1997 00:00;Tuesday;May;1997;20;22;5;Q2
507;21/05/1997 00:00;Wednesday;May;1997;21;22;5;Q2
508;22/05/1997 00:00;Thursday;May;1997;22;22;5;Q2
509;23/05/1997 00:00;Friday;May;1997;23;22;5;Q2
510;24/05/1997 00:00;Saturday;May;1997;24;22;5;Q2
511;25/05/1997 00:00;Sunday;May;1997;25;23;5;Q2
512;26/05/1997 00:00;Monday;May;1997;26;23;5;Q2
513;27/05/1997 00:00;Tuesday;May;1997;27;23;5;Q2
514;28/05/1997 00:00;Wednesday;May;1997;28;23;5;Q2
515;29/05/1997 00:00;Thursday;May;1997;29;23;5;Q2
516;30/05/1997 00:00;Friday;May;1997;30;23;5;Q2
517;31/05/1997 00:00;Saturday;May;1997;31;23;5;Q2
518;01/06/1997 00:00;Sunday;June;1997;1;24;6;Q2
519;02/06/1997 00:00;Monday;June;1997;2;24;6;Q2
520;03/06/1997 00:00;Tuesday;June;1997;3;24;6;Q2
521;04/06/1997 00:00;Wednesday;June;1997;4;24;6;Q2
522;05/06/1997 00:00;Thursday;June;1997;5;24;6;Q2
523;06/06/1997 00:00;Friday;June;1997;6;24;6;Q2
524;07/06/1997 00:00;Saturday;June;1997;7;24;6;Q2
525;08/06/1997 00:00;Sunday;June;1997;8;25;6;Q2
526;09/06/1997 00:00;Monday;June;1997;9;25;6;Q2
527;10/06/1997 00:00;Tuesday;June;1997;10;25;6;Q2
528;11/06/1997 00:00;Wednesday;June;1997;11;25;6;Q2
529;12/06/1997 00:00;Thursday;June;1997;12;25;6;Q2
530;13/06/1997 00:00;Friday;June;1997;13;25;6;Q2
531;14/06/1997 00:00;Saturday;June;1997;14;25;6;Q2
532;15/06/1997 00:00;Sunday;June;1997;15;26;6;Q2
533;16/06/1997 00:00;Monday;June;1997;16;26;6;Q2
534;17/06/1997 00:00;Tuesday;June;1997;17;26;6;Q2
535;18/06/1997 00:00;Wednesday;June;1997;18;26;6;Q2
536;19/06/1997 00:00;Thursday;June;1997;19;26;6;Q2
537;20/06/1997 00:00;Friday;June;1997;20;26;6;Q2
538;21/06/1997 00:00;Saturday;June;1997;21;26;6;Q2
539;22/06/1997 00:00;Sunday;June;1997;22;27;6;Q2
540;23/06/1997 00:00;Monday;June;1997;23;27;6;Q2
541;24/06/1997 00:00;Tuesday;June;1997;24;27;6;Q2
542;25/06/1997 00:00;Wednesday;June;1997;25;27;6;Q2
543;26/06/1997 00:00;Thursday;June;1997;26;27;6;Q2
544;27/06/1997 00:00;Friday;June;1997;27;27;6;Q2
545;28/06/1997 00:00;Saturday;June;1997;28;27;6;Q2
546;29/06/1997 00:00;Sunday;June;1997;29;28;6;Q2
547;30/06/1997 00:00;Monday;June;1997;30;28;6;Q2
548;01/07/1997 00:00;Tuesday;July;1997;1;28;7;Q3
549;02/07/1997 00:00;Wednesday;July;1997;2;28;7;Q3
550;03/07/1997 00:00;Thursday;July;1997;3;28;7;Q3
551;04/07/1997 00:00;Friday;July;1997;4;28;7;Q3
552;05/07/1997 00:00;Saturday;July;1997;5;28;7;Q3
553;06/07/1997 00:00;Sunday;July;1997;6;29;7;Q3
554;07/07/1997 00:00;Monday;July;1997;7;29;7;Q3
555;08/07/1997 00:00;Tuesday;July;1997;8;29;7;Q3
556;09/07/1997 00:00;Wednesday;July;1997;9;29;7;Q3
557;10/07/1997 00:00;Thursday;July;1997;10;29;7;Q3
558;11/07/1997 00:00;Friday;July;1997;11;29;7;Q3
559;12/07/1997 00:00;Saturday;July;1997;12;29;7;Q3
560;13/07/1997 00:00;Sunday;July;1997;13;30;7;Q3
561;14/07/1997 00:00;Monday;July;1997;14;30;7;Q3
562;15/07/1997 00:00;Tuesday;July;1997;15;30;7;Q3
563;16/07/1997 00:00;Wednesday;July;1997;16;30;7;Q3
564;17/07/1997 00:00;Thursday;July;1997;17;30;7;Q3
565;18/07/1997 00:00;Friday;July;1997;18;30;7;Q3
566;19/07/1997 00:00;Saturday;July;1997;19;30;7;Q3
567;20/07/1997 00:00;Sunday;July;1997;20;31;7;Q3
568;21/07/1997 00:00;Monday;July;1997;21;31;7;Q3
569;22/07/1997 00:00;Tuesday;July;1997;22;31;7;Q3
570;23/07/1997 00:00;Wednesday;July;1997;23;31;7;Q3
571;24/07/1997 00:00;Thursday;July;1997;24;31;7;Q3
572;25/07/1997 00:00;Friday;July;1997;25;31;7;Q3
573;26/07/1997 00:00;Saturday;July;1997;26;31;7;Q3
574;27/07/1997 00:00;Sunday;July;1997;27;32;7;Q3
575;28/07/1997 00:00;Monday;July;1997;28;32;7;Q3
576;29/07/1997 00:00;Tuesday;July;1997;29;32;7;Q3
577;30/07/1997 00:00;Wednesday;July;1997;30;32;7;Q3
578;31/07/1997 00:00;Thursday;July;1997;31;32;7;Q3
579;01/08/1997 00:00;Friday;August;1997;1;32;8;Q3
580;02/08/1997 00:00;Saturday;August;1997;2;32;8;Q3
581;03/08/1997 00:00;Sunday;August;1997;3;33;8;Q3
582;04/08/1997 00:00;Monday;August;1997;4;33;8;Q3
583;05/08/1997 00:00;Tuesday;August;1997;5;33;8;Q3
584;06/08/1997 00:00;Wednesday;August;1997;6;33;8;Q3
585;07/08/1997 00:00;Thursday;August;1997;7;33;8;Q3
586;08/08/1997 00:00;Friday;August;1997;8;33;8;Q3
587;09/08/1997 00:00;Saturday;August;1997;9;33;8;Q3
588;10/08/1997 00:00;Sunday;August;1997;10;34;8;Q3
589;11/08/1997 00:00;Monday;August;1997;11;34;8;Q3
590;12/08/1997 00:00;Tuesday;August;1997;12;34;8;Q3
591;13/08/1997 00:00;Wednesday;August;1997;13;34;8;Q3
592;14/08/1997 00:00;Thursday;August;1997;14;34;8;Q3
593;15/08/1997 00:00;Friday;August;1997;15;34;8;Q3
594;16/08/1997 00:00;Saturday;August;1997;16;34;8;Q3
595;17/08/1997 00:00;Sunday;August;1997;17;35;8;Q3
596;18/08/1997 00:00;Monday;August;1997;18;35;8;Q3
597;19/08/1997 00:00;Tuesday;August;1997;19;35;8;Q3
598;20/08/1997 00:00;Wednesday;August;1997;20;35;8;Q3
599;21/08/1997 00:00;Thursday;August;1997;21;35;8;Q3
600;22/08/1997 00:00;Friday;August;1997;22;35;8;Q3
601;23/08/1997 00:00;Saturday;August;1997;23;35;8;Q3
602;24/08/1997 00:00;Sunday;August;1997;24;36;8;Q3
603;25/08/1997 00:00;Monday;August;1997;25;36;8;Q3
604;26/08/1997 00:00;Tuesday;August;1997;26;36;8;Q3
605;27/08/1997 00:00;Wednesday;August;1997;27;36;8;Q3
606;28/08/1997 00:00;Thursday;August;1997;28;36;8;Q3
607;29/08/1997 00:00;Friday;August;1997;29;36;8;Q3
608;30/08/1997 00:00;Saturday;August;1997;30;36;8;Q3
609;31/08/1997 00:00;Sunday;August;1997;31;37;8;Q3
610;01/09/1997 00:00;Monday;September;1997;1;37;9;Q3
611;02/09/1997 00:00;Tuesday;September;1997;2;37;9;Q3
612;03/09/1997 00:00;Wednesday;September;1997;3;37;9;Q3
613;04/09/1997 00:00;Thursday;September;1997;4;37;9;Q3
614;05/09/1997 00:00;Friday;September;1997;5;37;9;Q3
615;06/09/1997 00:00;Saturday;September;1997;6;37;9;Q3
616;07/09/1997 00:00;Sunday;September;1997;7;38;9;Q3
617;08/09/1997 00:00;Monday;September;1997;8;38;9;Q3
618;09/09/1997 00:00;Tuesday;September;1997;9;38;9;Q3
619;10/09/1997 00:00;Wednesday;September;1997;10;38;9;Q3
620;11/09/1997 00:00;Thursday;September;1997;11;38;9;Q3
621;12/09/1997 00:00;Friday;September;1997;12;38;9;Q3
622;13/09/1997 00:00;Saturday;September;1997;13;38;9;Q3
623;14/09/1997 00:00;Sunday;September;1997;14;39;9;Q3
624;15/09/1997 00:00;Monday;September;1997;15;39;9;Q3
625;16/09/1997 00:00;Tuesday;September;1997;16;39;9;Q3
626;17/09/1997 00:00;Wednesday;September;1997;17;39;9;Q3
627;18/09/1997 00:00;Thursday;September;1997;18;39;9;Q3
628;19/09/1997 00:00;Friday;September;1997;19;39;9;Q3
629;20/09/1997 00:00;Saturday;September;1997;20;39;9;Q3
630;21/09/1997 00:00;Sunday;September;1997;21;40;9;Q3
631;22/09/1997 00:00;Monday;September;1997;22;40;9;Q3
632;23/09/1997 00:00;Tuesday;September;1997;23;40;9;Q3
633;24/09/1997 00:00;Wednesday;September;1997;24;40;9;Q3
634;25/09/1997 00:00;Thursday;September;1997;25;40;9;Q3
635;26/09/1997 00:00;Friday;September;1997;26;40;9;Q3
636;27/09/1997 00:00;Saturday;September;1997;27;40;9;Q3
637;28/09/1997 00:00;Sunday;September;1997;28;41;9;Q3
638;29/09/1997 00:00;Monday;September;1997;29;41;9;Q3
639;30/09/1997 00:00;Tuesday;September;1997;30;41;9;Q3
640;01/10/1997 00:00;Wednesday;October;1997;1;41;10;Q4
641;02/10/1997 00:00;Thursday;October;1997;2;41;10;Q4
642;03/10/1997 00:00;Friday;October;1997;3;41;10;Q4
643;04/10/1997 00:00;Saturday;October;1997;4;41;10;Q4
644;05/10/1997 00:00;Sunday;October;1997;5;42;10;Q4
645;06/10/1997 00:00;Monday;October;1997;6;42;10;Q4
646;07/10/1997 00:00;Tuesday;October;1997;7;42;10;Q4
647;08/10/1997 00:00;Wednesday;October;1997;8;42;10;Q4
648;09/10/1997 00:00;Thursday;October;1997;9;42;10;Q4
649;10/10/1997 00:00;Friday;October;1997;10;42;10;Q4
650;11/10/1997 00:00;Saturday;October;1997;11;42;10;Q4
651;12/10/1997 00:00;Sunday;October;1997;12;43;10;Q4
652;13/10/1997 00:00;Monday;October;1997;13;43;10;Q4
653;14/10/1997 00:00;Tuesday;October;1997;14;43;10;Q4
654;15/10/1997 00:00;Wednesday;October;1997;15;43;10;Q4
655;16/10/1997 00:00;Thursday;October;1997;16;43;10;Q4
656;17/10/1997 00:00;Friday;October;1997;17;43;10;Q4
657;18/10/1997 00:00;Saturday;October;1997;18;43;10;Q4
658;19/10/1997 00:00;Sunday;October;1997;19;44;10;Q4
659;20/10/1997 00:00;Monday;October;1997;20;44;10;Q4
660;21/10/1997 00:00;Tuesday;October;1997;21;44;10;Q4
661;22/10/1997 00:00;Wednesday;October;1997;22;44;10;Q4
662;23/10/1997 00:00;Thursday;October;1997;23;44;10;Q4
663;24/10/1997 00:00;Friday;October;1997;24;44;10;Q4
664;25/10/1997 00:00;Saturday;October;1997;25;44;10;Q4
665;26/10/1997 00:00;Sunday;October;1997;26;45;10;Q4
666;27/10/1997 00:00;Monday;October;1997;27;45;10;Q4
667;28/10/1997 00:00;Tuesday;October;1997;28;45;10;Q4
668;29/10/1997 00:00;Wednesday;October;1997;29;45;10;Q4
669;30/10/1997 00:00;Thursday;October;1997;30;45;10;Q4
670;31/10/1997 00:00;Friday;October;1997;31;45;10;Q4
671;01/11/1997 00:00;Saturday;November;1997;1;45;11;Q4
672;02/11/1997 00:00;Sunday;November;1997;2;46;11;Q4
673;03/11/1997 00:00;Monday;November;1997;3;46;11;Q4
674;04/11/1997 00:00;Tuesday;November;1997;4;46;11;Q4
675;05/11/1997 00:00;Wednesday;November;1997;5;46;11;Q4
676;06/11/1997 00:00;Thursday;November;1997;6;46;11;Q4
677;07/11/1997 00:00;Friday;November;1997;7;46;11;Q4
678;08/11/1997 00:00;Saturday;November;1997;8;46;11;Q4
679;09/11/1997 00:00;Sunday;November;1997;9;47;11;Q4
680;10/11/1997 00:00;Monday;November;1997;10;47;11;Q4
681;11/11/1997 00:00;Tuesday;November;1997;11;47;11;Q4
682;12/11/1997 00:00;Wednesday;November;1997;12;47;11;Q4
683;13/11/1997 00:00;Thursday;November;1997;13;47;11;Q4
684;14/11/1997 00:00;Friday;November;1997;14;47;11;Q4
685;15/11/1997 00:00;Saturday;November;1997;15;47;11;Q4
686;16/11/1997 00:00;Sunday;November;1997;16;48;11;Q4
687;17/11/1997 00:00;Monday;November;1997;17;48;11;Q4
688;18/11/1997 00:00;Tuesday;November;1997;18;48;11;Q4
689;19/11/1997 00:00;Wednesday;November;1997;19;48;11;Q4
690;20/11/1997 00:00;Thursday;November;1997;20;48;11;Q4
691;21/11/1997 00:00;Friday;November;1997;21;48;11;Q4
692;22/11/1997 00:00;Saturday;November;1997;22;48;11;Q4
693;23/11/1997 00:00;Sunday;November;1997;23;49;11;Q4
694;24/11/1997 00:00;Monday;November;1997;24;49;11;Q4
695;25/11/1997 00:00;Tuesday;November;1997;25;49;11;Q4
696;26/11/1997 00:00;Wednesday;November;1997;26;49;11;Q4
697;27/11/1997 00:00;Thursday;November;1997;27;49;11;Q4
698;28/11/1997 00:00;Friday;November;1997;28;49;11;Q4
699;29/11/1997 00:00;Saturday;November;1997;29;49;11;Q4
700;30/11/1997 00:00;Sunday;November;1997;30;50;11;Q4
701;01/12/1997 00:00;Monday;December;1997;1;50;12;Q4
702;02/12/1997 00:00;Tuesday;December;1997;2;50;12;Q4
703;03/12/1997 00:00;Wednesday;December;1997;3;50;12;Q4
704;04/12/1997 00:00;Thursday;December;1997;4;50;12;Q4
705;05/12/1997 00:00;Friday;December;1997;5;50;12;Q4
706;06/12/1997 00:00;Saturday;December;1997;6;50;12;Q4
707;07/12/1997 00:00;Sunday;December;1997;7;51;12;Q4
708;08/12/1997 00:00;Monday;December;1997;8;51;12;Q4
709;09/12/1997 00:00;Tuesday;December;1997;9;51;12;Q4
710;10/12/1997 00:00;Wednesday;December;1997;10;51;12;Q4
711;11/12/1997 00:00;Thursday;December;1997;11;51;12;Q4
712;12/12/1997 00:00;Friday;December;1997;12;51;12;Q4
713;13/12/1997 00:00;Saturday;December;1997;13;51;12;Q4
714;14/12/1997 00:00;Sunday;December;1997;14;52;12;Q4
715;15/12/1997 00:00;Monday;December;1997;15;1;12;Q4
716;16/12/1997 00:00;Tuesday;December;1997;16;1;12;Q4
717;17/12/1997 00:00;Wednesday;December;1997;17;1;12;Q4
718;18/12/1997 00:00;Thursday;December;1997;18;1;12;Q4
719;19/12/1997 00:00;Friday;December;1997;19;1;12;Q4
720;20/12/1997 00:00;Saturday;December;1997;20;1;12;Q4
721;21/12/1997 00:00;Sunday;December;1997;21;2;12;Q4
722;22/12/1997 00:00;Monday;December;1997;22;2;12;Q4
723;23/12/1997 00:00;Tuesday;December;1997;23;2;12;Q4
724;24/12/1997 00:00;Wednesday;December;1997;24;2;12;Q4
725;25/12/1997 00:00;Thursday;December;1997;25;2;12;Q4
726;26/12/1997 00:00;Friday;December;1997;26;2;12;Q4
727;27/12/1997 00:00;Saturday;December;1997;27;2;12;Q4
728;28/12/1997 00:00;Sunday;December;1997;28;3;12;Q4
729;29/12/1997 00:00;Monday;December;1997;29;3;12;Q4
730;30/12/1997 00:00;Tuesday;December;1997;30;3;12;Q4
731;31/12/1997 00:00;Wednesday;December;1997;31;3;12;Q4
732;01/01/1998 00:00;Thursday;January;1998;1;3;1;Q1
733;02/01/1998 00:00;Friday;January;1998;2;3;1;Q1
734;03/01/1998 00:00;Saturday;January;1998;3;3;1;Q1
735;04/01/1998 00:00;Sunday;January;1998;4;4;1;Q1
736;05/01/1998 00:00;Monday;January;1998;5;4;1;Q1
737;06/01/1998 00:00;Tuesday;January;1998;6;4;1;Q1
989;15/09/1998 00:00;Tuesday;September;1998;15;40;9;Q3
990;16/09/1998 00:00;Wednesday;September;1998;16;40;9;Q3
991;17/09/1998 00:00;Thursday;September;1998;17;40;9;Q3
992;18/09/1998 00:00;Friday;September;1998;18;40;9;Q3
993;19/09/1998 00:00;Saturday;September;1998;19;40;9;Q3
994;20/09/1998 00:00;Sunday;September;1998;20;41;9;Q3
995;21/09/1998 00:00;Monday;September;1998;21;41;9;Q3
996;22/09/1998 00:00;Tuesday;September;1998;22;41;9;Q3
997;23/09/1998 00:00;Wednesday;September;1998;23;41;9;Q3
998;24/09/1998 00:00;Thursday;September;1998;24;41;9;Q3
999;25/09/1998 00:00;Friday;September;1998;25;41;9;Q3
1000;26/09/1998 00:00;Saturday;September;1998;26;41;9;Q3
1001;27/09/1998 00:00;Sunday;September;1998;27;42;9;Q3
1002;28/09/1998 00:00;Monday;September;1998;28;42;9;Q3
1003;29/09/1998 00:00;Tuesday;September;1998;29;42;9;Q3
1004;30/09/1998 00:00;Wednesday;September;1998;30;42;9;Q3
1005;01/10/1998 00:00;Thursday;October;1998;1;42;10;Q4
1006;02/10/1998 00:00;Friday;October;1998;2;42;10;Q4
1007;03/10/1998 00:00;Saturday;October;1998;3;42;10;Q4
1008;04/10/1998 00:00;Sunday;October;1998;4;43;10;Q4
1009;05/10/1998 00:00;Monday;October;1998;5;43;10;Q4
1010;06/10/1998 00:00;Tuesday;October;1998;6;43;10;Q4
1011;07/10/1998 00:00;Wednesday;October;1998;7;43;10;Q4
1012;08/10/1998 00:00;Thursday;October;1998;8;43;10;Q4
1013;09/10/1998 00:00;Friday;October;1998;9;43;10;Q4
1014;10/10/1998 00:00;Saturday;October;1998;10;43;10;Q4
1015;11/10/1998 00:00;Sunday;October;1998;11;44;10;Q4
1016;12/10/1998 00:00;Monday;October;1998;12;44;10;Q4
1017;13/10/1998 00:00;Tuesday;October;1998;13;44;10;Q4
1018;14/10/1998 00:00;Wednesday;October;1998;14;44;10;Q4
1019;15/10/1998 00:00;Thursday;October;1998;15;44;10;Q4
1020;16/10/1998 00:00;Friday;October;1998;16;44;10;Q4
1021;17/10/1998 00:00;Saturday;October;1998;17;44;10;Q4
1022;18/10/1998 00:00;Sunday;October;1998;18;45;10;Q4
1023;19/10/1998 00:00;Monday;October;1998;19;45;10;Q4
1024;20/10/1998 00:00;Tuesday;October;1998;20;45;10;Q4
1025;21/10/1998 00:00;Wednesday;October;1998;21;45;10;Q4
1026;22/10/1998 00:00;Thursday;October;1998;22;45;10;Q4
1027;23/10/1998 00:00;Friday;October;1998;23;45;10;Q4
1028;24/10/1998 00:00;Saturday;October;1998;24;45;10;Q4
1029;25/10/1998 00:00;Sunday;October;1998;25;46;10;Q4
1030;26/10/1998 00:00;Monday;October;1998;26;46;10;Q4
1031;27/10/1998 00:00;Tuesday;October;1998;27;46;10;Q4
1032;28/10/1998 00:00;Wednesday;October;1998;28;46;10;Q4
1033;29/10/1998 00:00;Thursday;October;1998;29;46;10;Q4
1034;30/10/1998 00:00;Friday;October;1998;30;46;10;Q4
1035;31/10/1998 00:00;Saturday;October;1998;31;46;10;Q4
1036;01/11/1998 00:00;Sunday;November;1998;1;47;11;Q4
1037;02/11/1998 00:00;Monday;November;1998;2;47;11;Q4
1038;03/11/1998 00:00;Tuesday;November;1998;3;47;11;Q4
1039;04/11/1998 00:00;Wednesday;November;1998;4;47;11;Q4
1040;05/11/1998 00:00;Thursday;November;1998;5;47;11;Q4
1041;06/11/1998 00:00;Friday;November;1998;6;47;11;Q4
1042;07/11/1998 00:00;Saturday;November;1998;7;47;11;Q4
1043;08/11/1998 00:00;Sunday;November;1998;8;48;11;Q4
1044;09/11/1998 00:00;Monday;November;1998;9;48;11;Q4
1045;10/11/1998 00:00;Tuesday;November;1998;10;48;11;Q4
1046;11/11/1998 00:00;Wednesday;November;1998;11;48;11;Q4
1047;12/11/1998 00:00;Thursday;November;1998;12;48;11;Q4
1048;13/11/1998 00:00;Friday;November;1998;13;48;11;Q4
1049;14/11/1998 00:00;Saturday;November;1998;14;48;11;Q4
1050;15/11/1998 00:00;Sunday;November;1998;15;49;11;Q4
1051;16/11/1998 00:00;Monday;November;1998;16;49;11;Q4
1052;17/11/1998 00:00;Tuesday;November;1998;17;49;11;Q4
1053;18/11/1998 00:00;Wednesday;November;1998;18;49;11;Q4
1054;19/11/1998 00:00;Thursday;November;1998;19;49;11;Q4
1055;20/11/1998 00:00;Friday;November;1998;20;49;11;Q4
1056;21/11/1998 00:00;Saturday;November;1998;21;49;11;Q4
1057;22/11/1998 00:00;Sunday;November;1998;22;50;11;Q4
1058;23/11/1998 00:00;Monday;November;1998;23;50;11;Q4
1059;24/11/1998 00:00;Tuesday;November;1998;24;50;11;Q4
1060;25/11/1998 00:00;Wednesday;November;1998;25;50;11;Q4
1061;26/11/1998 00:00;Thursday;November;1998;26;50;11;Q4
1062;27/11/1998 00:00;Friday;November;1998;27;50;11;Q4
1063;28/11/1998 00:00;Saturday;November;1998;28;50;11;Q4
1064;29/11/1998 00:00;Sunday;November;1998;29;51;11;Q4
1065;30/11/1998 00:00;Monday;November;1998;30;51;11;Q4
1066;01/12/1998 00:00;Tuesday;December;1998;1;51;12;Q4
1067;02/12/1998 00:00;Wednesday;December;1998;2;51;12;Q4
1068;03/12/1998 00:00;Thursday;December;1998;3;51;12;Q4
1069;04/12/1998 00:00;Friday;December;1998;4;51;12;Q4
1070;05/12/1998 00:00;Saturday;December;1998;5;51;12;Q4
1071;06/12/1998 00:00;Sunday;December;1998;6;52;12;Q4
1072;07/12/1998 00:00;Monday;December;1998;7;1;12;Q4
1073;08/12/1998 00:00;Tuesday;December;1998;8;1;12;Q4
1074;09/12/1998 00:00;Wednesday;December;1998;9;1;12;Q4
1075;10/12/1998 00:00;Thursday;December;1998;10;1;12;Q4
1076;11/12/1998 00:00;Friday;December;1998;11;1;12;Q4
1077;12/12/1998 00:00;Saturday;December;1998;12;1;12;Q4
1078;13/12/1998 00:00;Sunday;December;1998;13;2;12;Q4
1079;14/12/1998 00:00;Monday;December;1998;14;2;12;Q4
1080;15/12/1998 00:00;Tuesday;December;1998;15;2;12;Q4
1081;16/12/1998 00:00;Wednesday;December;1998;16;2;12;Q4
1082;17/12/1998 00:00;Thursday;December;1998;17;2;12;Q4
1083;18/12/1998 00:00;Friday;December;1998;18;2;12;Q4
1084;19/12/1998 00:00;Saturday;December;1998;19;2;12;Q4
1085;20/12/1998 00:00;Sunday;December;1998;20;3;12;Q4
1086;21/12/1998 00:00;Monday;December;1998;21;3;12;Q4
1087;22/12/1998 00:00;Tuesday;December;1998;22;3;12;Q4
1088;23/12/1998 00:00;Wednesday;December;1998;23;3;12;Q4
1089;24/12/1998 00:00;Thursday;December;1998;24;3;12;Q4
1090;25/12/1998 00:00;Friday;December;1998;25;3;12;Q4
1091;26/12/1998 00:00;Saturday;December;1998;26;3;12;Q4
1092;27/12/1998 00:00;Sunday;December;1998;27;4;12;Q4
1093;28/12/1998 00:00;Monday;December;1998;28;4;12;Q4
1094;29/12/1998 00:00;Tuesday;December;1998;29;4;12;Q4
1095;30/12/1998 00:00;Wednesday;December;1998;30;4;12;Q4
1096;31/12/1998 00:00;Thursday;December;1998;31;4;12;Q4
